,GDP:不变价:当季同比,GDP:不变价:当季值,GDP:不变价:第二产业:当季同比,GDP:不变价:第二产业:当季值,GDP:不变价:第三产业:当季同比,GDP:不变价:第三产业:当季值,GDP:不变价:第一产业:当季同比,GDP:不变价:第一产业:当季值,GDP:不变价:房地产业:当季同比,GDP:不变价:工业:当季同比,GDP:不变价:建筑业:当季同比,GDP:不变价:交通运输、仓储和邮政业:当季同比,GDP:不变价:金融业:当季同比,GDP:不变价:农林牧渔业:当季同比,GDP:不变价:批发和零售业:当季同比,GDP:不变价:其他行业:当季同比,GDP:不变价:住宿和餐饮业:当季同比,GDP累计同比贡献率:第二产业,GDP累计同比贡献率:第三产业,GDP累计同比贡献率:第一产业,GDP累计同比贡献率:房地产业,GDP累计同比贡献率:工业,GDP累计同比贡献率:建筑业,GDP累计同比贡献率:交通运输、仓储和邮政业,GDP累计同比贡献率:金融业,GDP累计同比贡献率:农林牧渔业,GDP累计同比贡献率:批发和零售业,GDP累计同比贡献率:其他服务业,GDP累计同比贡献率:住宿和餐饮业,GDP累计同比贡献率:初步核算数:最终消费支出,GDP累计同比贡献率:初步核算数:资本形成总额,GDP累计同比贡献率:初步核算数:货物和服务净出口,工业增加值:当月同比,工业企业:营业收入:累计值,工业企业:主营业务收入:累计值,工业企业:利润总额:累计值,工业企业:管理费用:累计值,工业企业:销售费用:累计值,工业企业:财务费用:累计值,工业企业:利息费用:累计值,全国国有企业:营业总收入:累计值,全国国有企业:营业总收入:中央企业:累计值,全国国有企业:营业总收入:地方国有企业:累计值,全国国有企业:利润总额:累计值,全国国有企业:利润总额:中央企业:累计值,全国国有企业:利润总额:地方国有企业:累计值,CPI:当月同比,CPI:食品:当月同比,CPI:非食品:当月同比,PPI:全部工业品:当月同比,PPI:全部工业品:环比,固定资产投资价格指数:当季同比,进出口金额:当月值,出口金额:当月值,进口金额:当月值,进出口金额:当月同比,出口金额:当月同比,进口金额:当月同比,贸易差额:当月同比,出口金额:高新技术产品:当月值,出口金额:高新技术产品:累计值,出口金额:高新技术产品:累计同比,进口金额:高新技术产品:当月值,进口金额:高新技术产品:累计值,进口金额:高新技术产品:累计同比,服务进出口金额,服务出口金额,服务进口金额,服务贸易差额,服务进出口金额:同比,服务出口金额:同比,服务进口金额:同比,实际使用外资金额:外商直接投资:当月值,固定资产投资完成额:累计值,房地产开发投资完成额:累计值,新增固定资产投资完成额:累计值,固定资产投资完成额:累计同比,房地产开发投资完成额:累计同比,新增固定资产投资完成额:累计同比,社会消费品零售总额:当月值,社会消费品零售总额:城镇:当月值,社会消费品零售总额:乡村:当月值,M0,M0:同比,M1,M1:同比,M2,M2:同比,金融机构:各项贷款余额,金融机构:各项贷款余额:同比,金融机构:新增人民币贷款:当月值,金融机构:外汇贷款余额,金融机构:外汇贷款余额:同比,金融机构:各项存款余额,金融机构:各项存款余额:同比,金融机构:外汇各项存款余额,金融机构:外汇各项存款余额:同比,小额贷款公司:新增贷款:累计值,货币当局:国外资产,货币当局:国外资产:外汇(中央银行外汇占款),货币当局:国外资产:黄金,货币当局:国外资产:其他,货币当局:总资产,其他存款性公司:总资产,外资银行:总资产,农村信用社:总资产,中资大型银行:总资产,中资中型银行:总资产,中资小型银行:总资产,人民币存款准备金率:中小型存款类金融机构(月),人民币存款准备金率:大型存款类金融机构(月),公开市场操作:货币净投放,商业银行:资本利润率,商业银行:资产利润率,商业银行:净息差,商业银行:成本收入比,银行间同业拆借:加权平均利率:当月值,社会融资规模:当月值,社会融资规模:新增人民币贷款:当月值,社会融资规模:新增外币贷款:当月值,社会融资规模:新增委托贷款:当月值,社会融资规模:新增信托贷款:当月值,社会融资规模:企业债券融资:当月值,社会融资规模:非金融企业境内股票融资:当月值,人民币:实际有效汇率指数,短期贷款利率:6个月(含)(月),短期贷款利率:6个月至1年(含)(月),中长期贷款利率:1至3年(含)(月),中长期贷款利率:3至5年(含)(月),中长期贷款利率:5年以上(月),温州指数:综合利率,人民币:温州民间借贷平均利率指数(月息),股票成交金额:当月值,信用账户新增开户投资者数:合计,公共财政收入:当月值,财政收支差额:当月值,中央财政收入:当月值,地方本级财政收入:当月值,公共财政收入:当月同比,中央财政收入:当月同比,地方本级财政收入:当月同比,公共财政支出:当月值,公共财政支出:当月同比,城镇新增就业人数:累计值,就业人员平均工资:城镇单位:累计值,就业人员平均工资:国有企业:累计值,就业人员平均工资:城镇集体企业:累计值,就业人员平均工资:城镇单位:累计同比,就业人员平均工资:城镇集体企业:累计同比,就业人员平均工资:国有企业:累计同比,农村外出务工劳动力人数,农村外出务工劳动力人数:同比,农村外出务工劳动力:月均收入,农村外出务工劳动力:月均收入:同比,宏观经济景气指数:预警指数,宏观经济景气指数:一致指数,宏观经济景气指数:先行指数,宏观经济景气指数:滞后指数,企业景气指数:国有企业,企业景气指数:股份有限公司,企业景气指数:私营企业,企业景气指数:其他内资企业,5000户工业企业景气扩散指数:宏观经济热度,PMI,PMI:新订单,EPMI,企业家信心指数,消费者信心指数(月),当期收入感受指数,未来收入信心指数,银行家宏观经济信心指数,银行家宏观经济热度指数,企业家宏观经济热度指数,中国中小企业发展指数,城镇居民人均可支配收入:累计值,城镇居民人均可支配收入:累计同比,城镇居民人均消费性支出:累计值,城镇居民人均消费性支出:累计同比,婚姻登记:离婚登记:累计值,授权量:发明专利:国内外:当月值,授权量:发明专利:国内外:职务:当月值,授权量:发明专利:国内外:非职务:当月值,授权量:发明专利:国内:当月值,授权量:发明专利:国内:职务:当月值,授权量:发明专利:国内:非职务:当月值,授权量:实用新型专利:国内外:当月值,授权量:实用新型专利:国内外:职务:当月值,授权量:实用新型专利:国内外:非职务:当月值,授权量:外观设计专利:国内外:当月值,授权量:外观设计专利:国内外:职务:当月值,授权量:外观设计专利:国内外:非职务:当月值
2008-03-31,11.5,59640.3,12.7,27811.9,11.4,28635.7,2.7,3192.6,9,13,10.6,9.1,12.7,3.1,13.5,11.4,10.7,50.9,47.7,1.3,4.1,47.4,3.5,4.7,7.2,1.5,10,19.5,2.2,,,,17.8,,,,,,,,47583.26,,,3495.22,2590.57,904.65,8.3,21.4,1.8,7.95,1.3,108.6,2048.63,1089.98,958.65,27.83,30.42,25.01,90.61,3466725.7,9274318.1,17.4,2854160.3,8011377.6,13.4,,,,,,,,92.9,18316.94,4687.75,5232.04,25.9,32.3,17,8123.2,,,30433.07,11.12,150867.47,18.25,423054.53,16.29,275000.21,14.78,2834,2688,56.92,415693.11,17.35,1553,-5.78,,137436.82,127126.09,337.24,9973.49,182047.79,574385.82,13390.6,44004.8,,,,15.5,15.5,,,,,,2.26,6391,2834,733,82,242,427,367,92.35,6.57,7.47,7.56,7.74,7.83,,,28532.42,,4416,606.14,,,24.67,,,3809.81,32.55,,6476,6829,3883,18.3,20.5,17.7,,,,,117.3,102.45,102.8,102.36,133.8,146.9,130,,59.81,58.4,63.8,,140.6,110.3,64.7,61.3,28.1,,59.81,,4385.6,11.5,2882.3,10,32.2,6683,6003,680,2775,2172,603,10299,4502,5797,11000,4679,6321
2008-06-30,10.9,65699.9,11.7,32554.9,11.5,28138,3.9,5007,5.8,12.1,9.2,9.9,11.7,4.1,15.2,11.9,7.8,51.7,46.1,2.1,3.4,47.3,4.2,5,6.7,2.3,10.6,18.7,1.8,,,,16,,,,,,,,102905.69,,,7409.37,5175.14,2234.21,7.1,17.3,1.9,8.84,1,111.3,2217.66,1213.2,1004.46,23.3,17.34,31.36,-22.47,3442219.6,19616876.6,21.8,2947972.4,16857988.2,15.9,,,,,,,,96.1,58435.98,13195.67,15552.22,26.8,33.5,27.9,8642,,,30181.32,12.28,154820.15,14.19,443141.02,17.37,286199.38,14.12,3324,2753,48.63,438989.25,18.85,1638,-1.75,,149580.16,134249.44,337.24,14993.48,194104.94,596305.07,13336.9,46080.7,,,,17.5,17.5,,,,,,3.07,5976,3324,97,447,95,0,185,93.64,6.57,7.47,7.56,7.74,7.83,,,16862.64,,5743.8,471.61,,,30.71,,,5272.21,17.46,,12851,13525,7735,17.9,19.3,17,,,,,114.7,103.4,101.7,102.2,135.5,146.7,121.7,,58.4,52,52.6,,134.8,109.8,58.65,60.15,36.9,,58.4,,8064.86,14.4,5490.29,13.7,66.5,8016,7066,950,3716,2895,821,12290,5626,6664,12011,5449,6562
2008-09-30,9.5,66919.4,9.3,31906.7,11,27508.2,5.5,7504.5,-3.3,9.6,7.7,10.5,10.3,5.7,17.7,12.1,10.5,50.1,46.3,3.6,1.8,45.6,4.4,5.2,6.5,3.9,11.7,19.1,1.9,,,,11.4,,,,,,,,160339.6,,,11122.9,7802.2,3320.7,4.6,9.7,2,9.13,-0.8,111.1,2435.51,1367.59,1067.92,21.4,21.72,20.99,24.41,4024204.6,31081499.3,20.6,3353224.7,26562514.9,12.7,,,,,,,,66.4,99870.71,21277.69,27968.29,27.6,26.5,29.3,9446.5,,,31724.88,9.28,155748.97,9.43,452898.71,15.29,296477.09,14.48,3745,2692,30.86,454941.54,18.79,1742,9.37,,157908.88,143122.88,337.24,14448.76,202924.4,611217.3,14084.4,47832.1,,,,16.5,17.5,,,,,,2.89,5659,3745,-171,648,445,616,50,98.39,6.21,7.2,7.29,7.56,7.74,,,11541.69,,4217.22,-731.72,,,3.1,,,4948.94,11.6,,19558,20576,11899,18.2,20.2,17.7,,,,,102,100.8,98.8,99.7,128.2,135,121.8,,52.1,51.2,51.3,,123.8,108.9,57.65,59.65,46.1,,52.1,,11865,14.7,8346,12.9,102.1,6341,5498,843,3675,2884,791,15652,8022,7630,9600,3387,6213
2008-12-31,7.1,72213.3,6.5,34011.6,8.2,29037.7,6.5,9163.9,-5.9,5.8,10.7,0.3,13.7,6.7,16.8,9.2,9.4,48.6,46.2,5.2,0.5,43.4,5.6,4.1,7.1,5.7,12.8,19,2.1,,,,5.7,,500020.07,30562.37,,,,,210502.3,,,11843.5,8261.8,3581.7,1.2,4.2,-0.3,-1.14,-2.3,104.7,1831.01,1110.55,720.46,-11.17,-2.93,-21.45,71.93,2994684.6,41561105,13.1,2304190.8,34194091,4.3,3223,1633,1589,44,21.4,20.7,22.1,59.78,148738.3,31203.2,84545.26,26.6,23.4,25.5,10728.5,,,34218.96,12.65,166217.13,9.06,475166.6,17.82,303394.64,18.76,7718,2438,11.89,466203.32,19.73,1791,12.01,,162543.52,149624.26,337.24,12582.02,207095.99,641501.69,13739.2,49867.7,,,,13.5,15.5,,,,,,1.24,8164,7645,-314,255,214,1309,315,102.84,4.86,5.31,5.4,5.76,5.94,,,23588.14,,3248.69,-13353,756.16,2492.53,3.3,-15.5,10.8,16601.69,30.8,,28898,30287,18103,16.9,17.2,16,,,,,78.7,95.5,97.9,95.6,110.2,106.9,98.7,,28.42,41.2,37.3,,94.6,101.8,53.5,56.55,27.3,,28.42,,15780.68,14.5,11242.8,12.5,155.3,11498,10254,1244,5951,4815,1136,17075,8362,8713,12840,5833,7007
2009-03-31,6.4,63431.9,5.8,29412.9,7.2,30706,3.8,3313.1,7.6,4.6,18.8,-4.4,13.4,4,11.4,7.5,1.7,42.2,54.6,3.2,6.1,30,11.4,-3.9,13.6,3.9,15.5,22.8,0.6,70,33,-3,8.3,,,,,,,,43257.1,,,2177,1824.4,352.6,-1.2,-0.7,-1.3,-6,-0.3,98.8,1620.7,902.19,718.51,-20.89,-17.23,-25.05,39.86,2744595.8,7119483.5,-23.2,2264099,5696526,-28.8,,,,,,,,84.03,23562,4880.29,8589.24,28.6,4.1,64.2,9317.6,,,33746.42,10.88,176541.13,17.04,530626.71,25.51,349554.82,29.78,18900,2352,-11.69,522618.72,25.73,2003,28.92,,166051.13,153130.79,337.24,12583.1,210642.67,714813.86,13408.3,51625.9,,,,13.5,15.5,,,,,,0.84,22011,18920,291,407,-137,1240,119,107.42,4.86,5.31,5.4,5.76,5.94,,,37554.76,,4402.21,-605.18,2044.58,2357.63,-0.3,-10.3,10.3,5007.39,31.4,,7302,7774,4482,12.8,15.4,13.8,,,,,75.3,94.4,100,91.2,103.9,111.3,96.8,,24.53,52.4,54.6,,101.1,100.3,55.65,58.85,25.9,12.8,24.53,,4833.9,10.2,3130.1,8.6,38.5,9372,8456,916,4120,3312,808,14396,7560,6836,16001,7303,8698
2009-06-30,8.2,71090.4,8.3,35251.5,8.9,30645.5,3.7,5193.3,12.6,6.7,20.2,-2.6,17.2,3.9,11.3,8.9,3.8,46.8,49.9,3.3,6.7,32.8,13.3,-2.6,12.4,4,12.9,19.8,0.8,53.4,87.9,-41,10.7,,,,,,,,97941.8,62223.4,35718.4,5534,4164,1370,-1.7,-1.1,-1.9,-7.8,0.3,96.1,1829.69,954.58,875.11,-17.49,-21.32,-12.88,-61.93,2984369.1,15432237.4,-21.3,2640636.3,12994579.2,-22.9,,,,,,,,89.6,78098.35,14295.41,26149.17,33.6,8.3,68.1,9941.6,,,33640.98,11.46,193138.15,24.79,568916.2,28.46,377446.12,34.44,15300,2954,8.08,566288.11,29.02,2081,16.01,,171854.69,159281.11,669.84,11903.75,215785.39,758807.79,13520.6,53864.6,,,,13.5,15.5,,,,,,0.91,21067,15304,2542,678,297,1238,190,99.59,4.86,5.31,5.4,5.76,5.94,,,46078.83,,6867.47,461.89,3486.84,3380.63,19.6,15.9,23.5,6405.58,21.5,,14445,15375,9051,12.4,17,13.7,,,,,86.7,95.9,102.6,89.5,114.3,125.4,104.7,,29.59,53.2,55.5,,110.2,101,45.9,52.1,40,20.7,29.59,,8855.9,9.8,5979.3,8.9,77.1,16877,15167,1710,7770,6238,1532,19126,10336,8790,23000,10612,12388
2009-09-30,10.6,74022.5,11.6,35621.6,11.2,30587.9,4.1,7813,15.2,10,23.1,11.2,17.6,4.2,12.4,8.5,4.3,49.2,47,3.8,6.4,35.6,13.1,0.7,11,4.3,11.4,16.6,0.8,51.8,94.9,-46.7,13.9,,,,,,,,158361,99669.8,58691.2,9366.1,6796.8,2569.3,-0.8,1.5,-1.9,-6.99,0.6,96.4,2190.64,1158.65,1031.99,-10.05,-15.28,-3.36,-57.73,3689505.5,25583814.1,-17.7,3272876.2,21739283.2,-18.1,,,,,,,,78.99,133176.6,24560,48643.85,33.3,15.4,73.9,10912.8,,,36787.89,15.96,201708.14,29.51,585405.34,29.31,390407.85,34.16,5167,3433,28.34,583987.21,28.35,2032,7.83,,179720.25,166460.89,669.84,12589.51,222550.91,776356.95,13409,54852.2,,,,13.5,15.5,,,,,,1.27,11871,5167,1208,1125,869,1678,299,97.48,4.86,5.31,5.4,5.76,5.94,,,44198.21,,5609.35,-968.08,3010.41,2598.94,33,37.8,27.9,6577.43,32.9,,21984,23382,13707,12.4,15.2,13.6,,,,,103.3,98.1,105,90.7,123,135.2,112.4,,36.64,54.3,56.8,,120.1,102.8,49,54.7,55.4,38.1,36.64,,12973.28,9.3,9093.7,8.96,117.8,9814,8730,1084,4975,3985,990,17072,10224,6848,18999,8283,10716
2009-12-31,11.9,80785.1,14.7,38996.3,11,32244.8,4.1,9544,12.1,14.6,15,10.1,17.4,4.4,12.4,9,5.1,52.3,43.7,4,5.8,40.01,11.8,1.9,10,4.5,10.4,15,0.8,52.5,92.3,-44.8,18.5,,542522.43,34542.22,,,,,225087.3,143455.9,81631.4,13392.2,9445.4,3946.8,1.9,5.3,0.2,1.7,1,99,2430.89,1307.4,1123.49,32.76,17.73,55.94,-52.85,4208290.9,37690915.3,-9.3,3399271,30984300.2,-9.4,3025,1436,1589,-153,-6.1,-12.1,0,121.38,193920.39,36241.8,113943.89,30.4,16.1,34.8,12610,,,38246.97,11.77,221445.81,32.35,610224.52,27.68,399684.82,31.74,3798,3799,55.96,597741.1,28.21,2089,8.44,,185333,175154.59,669.84,9508.57,227530.45,809818.02,14350.8,56042.1,,,,13.5,15.5,,,,,,1.25,8100,3800,252,347,710,973,815,97.26,4.86,5.31,5.4,5.76,5.94,,,52115.02,,5084,-14554,1831,3253,55.8,140,30.2,19638,17.1,1102,32244,34130,20607,11.6,13.8,12.7,,,,,116.7,102.1,105.4,93.8,127.3,137.4,119.6,,41.02,56.6,61,,127.7,103.9,51.7,57.8,70.1,45.8,41.02,103,17174.7,8.8,12265,9.09,171.3,15640,13694,1946,8375,6635,1740,32382,17804,14578,41000,19857,21143
2010-03-31,12.2,71168,15.4,33945.6,10,33780.9,3.9,3441.4,11.2,15.4,16.1,11.6,10.2,3.8,16.2,6.6,6.2,58.6,39.7,1.7,5.2,51,6,4.8,6.1,2,12.3,11.3,1.2,52,57.9,-9.9,18.1,,,,,,,,65101.1,41919.3,23181.8,4088.2,2968.9,1119.3,2.4,5.2,1,5.91,0.5,101.9,2315.26,1120.59,1194.67,42.86,24.21,66.27,-140.33,3925786.6,9906090,39.1,3417691.1,8556141.5,50.5,,,,,,,,94.18,29792.68,6594.45,14333.74,26.4,35.1,66.9,11321.7,9822.1,1499.6,39080.58,15.81,229397.93,29.94,649947.46,22.5,425785.27,21.81,5107,4087,73.77,638090.42,22.11,2134,6.53,,192118.96,182310.84,669.84,9138.28,236090.67,867569.51,15232.9,55108.6,531429.8,164975,87349.1,14.5,16.5,,,,,,1.4,13830,5107,662,567,1377,1324,365,99,4.86,5.31,5.4,5.76,5.94,,,44114.92,,6023.44,99.49,2900.71,3122.73,36.8,41.9,32.5,5923.95,18.3,,8262,8785,5125,13.1,14.3,13,,,,,123.3,104,105.2,96.8,130.4,143.6,126.6,,44.58,55.1,58.1,,135.5,107.9,55,56.2,69.8,55.5,44.58,105.1,5308.01,9.8,3474.71,11.01,39.7,14896,13394,1502,7378,6053,1325,14788,9561,5227,36210,15756,20454
2010-06-30,10.8,78746.9,12.8,39781.1,9.6,33586.3,3.6,5379.6,3.9,12.8,13.8,10.7,8.3,3.6,14,9,7.4,58.9,39.1,2,3.7,49.9,7.4,4.9,5.5,2.5,11.7,13.1,1.3,35.1,59.1,5.8,13.7,,,,,,,,142236.6,90142.5,52094.1,9275.9,6410.6,2865.3,2.9,5.7,1.6,6.41,-0.3,103.6,2544.93,1373.39,1171.53,39.09,43.87,33.87,154.01,4131617.8,21741291.3,40.9,3512683.3,18879547.4,45.5,,,,,,,,125.1,98047.38,19747.12,36430.72,25.5,38.1,39.3,12329.9,10715.2,1614.7,38904.85,15.65,240580,24.56,673921.72,18.46,446045.62,18.2,6034,4117,39.4,674098.03,19,2127,2.2,,198356.34,188703.99,669.84,8982.51,242932.04,896418.15,16143.4,56373.4,539509,174753.2,95646.8,15,17,,,,,,2.31,10196,6027,-18,421,1077,872,468,101.92,4.86,5.31,5.4,5.76,5.94,,,25307.96,,7879.4,-239.75,3913.66,3965.74,14.7,12.2,17.3,8119.15,26.8,,16345,17354,10252,13.2,13.3,13,,,,,109.3,102.6,103.2,97.6,135.5,147.1,121.4,,47.82,52.1,52.1,,133,108.5,49.5,53.6,64,60.6,47.82,106.7,9757.11,10.2,6570.8,9.89,84.8,5071,4460,611,3440,2849,591,12966,8212,4754,14951,7446,7505
2010-09-30,9.9,81366.7,11.5,39702.6,9.6,33517.4,4.3,8146.7,4.7,11.3,12.9,8.8,8.6,4.3,14,8.7,10.4,57.8,39.3,2.9,3.4,48.6,7.9,4.7,5.5,3.4,11.6,13.5,1.5,34.4,58.8,6.8,13.3,,,,,,,,219092.3,138620,80472.3,14390.1,10021.8,4368.3,3.6,8,1.4,4.33,0.6,103.5,2732.82,1449.23,1283.6,24.75,25.08,24.38,30.77,4616704.5,34824010.3,36.1,4004530.9,30268245.3,39.4,,,,,,,,83.84,165869.58,33511.25,62978.59,24.5,36.4,29.5,13536.5,11742.5,1794,41854.41,13.78,243821.9,20.87,696471.5,18.96,462822.64,18.5,5955,4227,23.1,701024.48,20,2298,13.1,,204810.61,195222.49,669.84,8918.28,248683.87,932958.14,17112.2,57903.9,560600.9,179920.3,102468.8,15,17,,,,,,1.9,11224,6004,918,626,-713,1883,543,99.76,4.86,5.31,5.4,5.76,5.94,,,44180.05,,6287.19,-2181.85,3272.09,3015.1,12.1,8.7,16,8469.04,28.8,,25066,26574,15905,14,16,13.8,,,,,106.7,101.9,102.5,98.1,121.6,146.3,121.6,,46.88,53.8,56.3,,135.9,104.1,51.6,55.7,73.1,54.2,46.88,108.9,14333.83,10.5,9941.63,9.32,131,9887,8798,1089,5935,4921,1014,27931,16756,11175,17764,7998,9766
2010-12-31,9.9,88821.1,11.6,43519.1,9.5,35306.9,4.7,9995.1,10.1,11.3,13.6,7,8.5,4.7,14.3,7.5,8.8,57.4,39,3.6,3.9,48.54,8.6,4.3,5.3,4.1,11.6,13.1,1.6,37.3,54.8,7.9,13.5,,697744,53049.66,,,,,303253.7,191981.7,111272,19870.6,13415.1,6455.5,4.6,9.6,2.1,5.93,0.7,105.4,2955.94,1541.01,1414.93,21.6,17.87,25.94,-31.44,4807845.2,49241391.7,30.7,3867518.2,41267310,33.2,3717,1783,1934,-151,22.9,24.2,21.7,140.28,241430.89,48259.4,136970.26,24.5,33.2,20.2,15329.5,13259.8,2069.7,44628.17,16.69,266621.54,21.19,725851.79,19.72,479195.55,19.9,4807,4534,19.5,718237.93,20.2,2287,9.5,1202,215419.6,206766.71,669.84,7983.06,259274.89,961608.63,19016.2,60206.3,565452,187860.7,113418.5,16.5,18.5,350,19.2,1.2,2.5,35.3,2.92,10780,4807,1090,1549,-288,594,954,101.46,5.35,5.81,5.85,6.22,6.4,,,49581.77,,6340,-11642,2230,4110,23.7,20.5,25.5,17982,-10.4,1168,36539,38359,24010,13.3,16.5,12.4,,,,,109.3,103.6,101.5,101.2,136.2,148,124.3,,52.72,53.9,55.4,,137,100.4,51.1,55.5,53.5,70.8,52.72,106.3,19109.44,11.3,13471.45,9.84,196.1,10926,9744,1182,6878,5783,1095,33618,21631,11987,26502,14347,12155
2011-03-31,10.2,98902.8,11.3,44871.3,9.9,49053.5,3.2,4978,8.8,11.5,10.3,9.3,11.6,3.3,12.3,9,4.7,49.8,48.5,1.7,5.3,46,4.6,4.4,8.2,1.8,11.4,17.3,1,60.3,44.1,-4.4,14.8,,174524.59,10659.23,5916.32,4064.21,1868.26,1632.91,80931.8,52226.6,28705.2,5123.5,3681.1,1442.4,5.383,11.7,2.7,7.31,0.62,106.5,3044.57,1521.34,1523.24,31.5,35.76,27.5,97.44,4582299.3,11863119.4,19.8,4037604.2,10418617.8,21.8,,,,,,,,125.2,39464.91,8846.36,16244.34,25,34.1,30.8,13588,11800.8,1787.2,44845.22,14.8,266255.48,15,758130.88,16.6,494740.7,17.9,6794,4775,17.2,752838.4,19,2369,9.4,427,226277.48,217476.46,669.84,8131.18,268818.05,1017299.8,19758.4,63642.5,597817.3,198427.7,121800.4,18,20,,22.4,1.4,2.6,29.6,1.93,18212,6794,572,1513,47,2682,557,100.78,5.6,6.06,6.1,6.45,6.6,,,63298.89,25398,7631.35,61.35,3532.68,4098.67,26.7,21.8,31.3,7570,27.8,,9476,9989,6061,14.7,18.3,13.7,,,,,105.3,102.5,101.7,101.7,132.6,147.1,124.6,,51.49,53.4,55.2,,138.9,107.6,54.5,55.4,55.3,69.7,51.49,104.1,5962.82,12.3,3846.32,10.69,46.5,16645,14814,1831,12026,10285,1741,32917,22059,10858,30934,17457,13477
2011-06-30,10,110314.2,11,53147.9,10.2,49171.9,2.7,7994.4,8.6,11.3,9.7,9.3,10.4,2.8,12.2,10.4,4.9,51.2,46.9,1.9,5.1,46.2,5.7,4.4,7.3,2.1,11,17.3,0.9,47.5,53.2,-0.7,15.1,,388552.47,24105.42,12540.8,8823.8,3981.41,3547.64,174191.6,111679.7,62511.9,11256.8,7654.6,3602.2,6.355,14.4,3,7.12,-0.03,106.7,3015.97,1618.95,1397.02,18.51,17.88,19.25,9.94,4619588.9,25188367.1,15.9,3861353.9,21883570.1,16,,,,,,,,128.63,124566.68,26250.45,49680.3,25.6,32.9,38.4,14565.1,12584,1981.1,44477.8,14.4,274662.57,13.1,780820.85,15.9,514025.54,16.9,6339,5018,22.2,786432.56,17.6,2564,17.9,894,234697.86,226386.73,669.84,7641.29,278078.61,1061867.2,21143.2,65761.1,619402.9,209400.6,129716.9,19.5,21.5,,22.6,1.4,2.7,30.4,4.56,10873,6339,245,1202,141,536,320,100.12,5.85,6.31,6.4,6.65,6.8,,,31386.25,30546,10055.76,-753.36,4459.51,5596.25,27.6,13.9,41.1,10809.12,33.1,,18840,19878,12314,15.3,20.1,14.5,,,,,113.3,102.9,102.1,102.9,134.9,144.9,122.1,,50.7,50.9,50.8,,132.4,108.1,52.1,55.3,57,65.6,50.7,100.2,11041.49,13.2,7318.17,11.37,94.6,15910,14123,1787,10739,9047,1692,34224,22662,11562,31094,16308,14786
2011-09-30,9.4,115223.5,10.7,53852.6,9.4,49256.1,4.1,12114.8,8.8,11,9.6,10.3,5,4.2,12.1,9.9,5.2,51.7,45.4,2.9,5,46.2,6.1,4.6,5.9,3.1,10.9,17.2,0.9,47.9,53.4,-1.3,13.8,,608427.92,36834.02,19636.72,13720.24,6263.85,5583.56,270527,172041.9,98485.1,17107.8,11662.8,5445.1,6.067,13.4,2.9,6.52,0.02,107.3,3245.73,1695.8,1549.94,18.77,17.01,20.75,-11.94,4907239.8,39867554.1,14.5,4178390.9,34390965.6,13.7,,,,,,,,90.45,212273.99,44224.84,91191.38,24.9,32,37.4,15865.1,13542.5,2322.6,47145.29,12.7,267193.16,8.9,787406.2,13,529118.34,15.9,4700,5239,24.4,794100.44,14.2,2557,9,1379,241200.76,233853.55,669.84,6677.37,284912.22,1078225.16,22335.6,67354.4,625974.9,211678.5,134206.9,19.5,21.5,550,22.1,1.4,2.7,30.5,3.74,4279,4693,1025,1008,-223,520,236,104.48,6.1,6.56,6.65,6.9,7.05,,,22316.34,26010,7377.05,-2641.5,3753.67,3623.38,17.3,14.7,20.2,10018.55,18.3,,28813,30371,19037,14.9,19.7,14.3,,,,,101.3,102.5,100.6,102.6,132.9,140,123.9,,47.73,51.2,51.3,,130,103.4,50.3,54.3,54.9,62,47.73,97.2,16300.85,13.7,11195.39,12.61,146.6,14636,13098,1538,9649,8240,1409,35577,23731,11846,27753,13964,13789
2011-12-31,8.8,127039.6,9.9,60240.7,8.5,51851,5.4,14947.9,3.9,10.1,9.5,9.6,3.7,5.5,13.2,9.1,5.5,52,43.9,4.1,4.4,44.67,6.7,4.6,5,4.3,11.4,16.7,1,51.6,54.2,-5.8,12.8,,843315.36,54544.43,28413.49,19353.54,8728.95,7871.26,367855,231756.1,136098.9,22556.8,15023.2,7533.6,4.07,9.1,1.9,1.69,-0.32,105.7,3327.87,1746.23,1581.63,12.58,13.32,11.78,30.55,5040980,54878832.3,11.5,4164093.9,46299235.6,12.2,4489,2010,2478,-468,20.8,12.7,28.2,122.42,302396.0592,61796.9,184353.905,23.8,27.9,29.2,17739.7,15319.6,2420.1,50748.46,13.8,289847.7,7.9,851590.9,13.6,547946.69,15.8,6405,5387,19.6,809368.33,13.5,2751,19,1935,237898.06,232388.73,669.84,4839.49,280977.6,1137867.06,23383.7,67599.9,646723.8,230989,151354.9,19,21,,20.4,1.3,2.7,33.4,3.33,12744,6406,478,1173,389,1514,350,108.08,6.1,6.56,6.65,6.9,7.05,,,19990.8,51268,6431,-13543.22,1553.8,4877.2,1.44,-30.32,18.67,19974.22,11.08,1221,41799,43483,28791,14.4,19.9,13.4,,,,,101.3,99.3,100.2,100,129.7,135.9,116.4,,41.69,50.3,49.8,,120.9,100.5,50.9,55.3,59.3,48,41.69,93.5,21809.78,14.1,15160.89,12.54,211.1,16189,14572,1617,10653,9144,1509,38731,27678,11053,50113,27458,22655
2012-03-31,8.1,106938.5,9.5,49129.3,7.3,52645,3.7,5164.2,0.6,9.4,10.2,5.7,6.8,3.8,10.1,8.9,6.2,53,44.7,2.3,0.5,47.3,5.7,3.3,6.3,2.6,11.9,21,1.5,76.5,33.3,-9.9,11.9,,197822.86,10449.14,6965.2,4709.1,2551.6,2447.5,94594.9,59660.6,34934.3,4828.6,3456,1372.6,3.6,7.5,1.8,-0.32,0.27,102.3,3259.72,1655.77,1603.94,7.07,8.84,5.3,2827.89,4874397.1,12732871.5,7.3,4101345.8,10735515.2,3,,,,,,,,117.57,47865.3977,10927.1652,21089.6919,20.9,23.5,29.8,15650.2,13563.4,2086.8,49595.74,10.6,277998.11,4.4,895565.5,13.4,572474.82,15.7,10114,5595,17.2,846931.7,12.5,3418,44.3,531,240694.62,235799.52,669.84,4225.27,284022.38,1208908.69,22261.1,71032.2,690497,243438.1,163758.9,18.5,20.5,,22.34,1.43,2.76,29.46,2.58,18704,10114,950,770,1018,1974,565,108.36,6.1,6.56,6.65,6.9,7.05,,,38630.64,46371,9057.97,-1135.94,4036.14,5021.83,18.7,14.3,22.5,10193.91,34.7,,10866,11265,7453,14.7,23,12.8,16371,3.4,2173,16.6,91.3,98.6,100.5,99,129.7,134.5,122.2,,39.18,53.1,55.1,,123,100,51.9,54.9,64.9,40,39.2,92.6,6796.31,14,4320.13,12.32,53.6,15180,13675,1505,10865,9453,1412,21194,15441,5753,23329,13178,10151
2012-06-30,7.6,118757.4,8,57383.9,7.8,53013.5,4.6,8360,1.9,7.7,9.5,6.1,9.3,4.7,9.9,8.9,6,51.5,45.1,3.3,0.9,44.3,7.2,3.5,7,3.8,11.7,20.2,1.4,57.7,49.4,-7.1,9.5,,426000.8,23116.6,14554,10061.1,5367.5,5051.3,198453.6,123481.4,74972.2,10203.8,6952.1,3251.6,2.2,3.8,1.4,-2.08,-0.73,101.6,3280.14,1798.31,1481.82,8.76,11.08,6.07,42.61,5062238,27183353.3,7.9,4115050.5,22403655.7,2.3,,,,,,,,119.79,150710.0635,30609.8286,59765.278,20.4,16.6,20.3,16584.9,14345.1,2239.8,49284.64,10.8,287526.17,4.7,924991.2,13.6,596422.59,16,9198,5823,16,883068.72,12.3,4051,58,977,239978.29,235189.82,669.84,4118.63,286071.05,1268683.98,23308.5,72893.3,712344.4,264856,176995.1,18,20,,22.29,1.41,2.73,29.52,2.72,17802,9198,1040,789,988,1982,246,108.92,5.85,6.31,6.4,6.65,6.8,,1.4,24031.77,73837,11040,-1684,4709,6331,9.8,5.6,13.1,12724,17.7,,21314,22150,14827,13.1,20.4,11.4,16667,2.6,2200,14.9,84.7,97.3,99.2,96.6,129.7,135.6,121.6,119.98,37.3,50.2,49.2,,121.2,99.3,50.1,53.2,58.4,33.6,37.3,90.3,12508.54,13.3,8193.77,11.96,111.2,22758,20609,2149,15131,13110,2021,45005,32558,12447,32931,18744,14187
2012-09-30,7.5,123917,7.7,58005.7,8.2,53304,4.1,12607.4,6.9,7.4,9.7,5.5,10.4,4.1,10.3,7.8,6.7,50.2,45.6,4.1,2.3,42.3,7.9,3.4,7.4,4.7,11.7,18.8,1.4,55,50.5,-5.5,9.2,,657220.03,35239.53,22481.88,15625.88,8185.25,7714.08,302950.2,188100.5,114849.7,15500.7,10945.3,4555.4,1.9,2.5,1.7,-3.55,-0.06,100.24,3447.67,1861.16,1586.52,6.22,9.75,2.36,88.29,5372267.1,42405971.5,6.4,5030126.3,36575534.8,6.4,,,,,,,,83.28,256932.8949,51045.9254,115526.4725,20.5,15.4,26.7,18226.6,15572.3,2654.3,53433.49,13.3,286788.21,7.3,943688.75,14.8,615089.48,16.3,6226,6229,18.9,899647.06,13.3,4138,61.9,1414,240190.51,235297.01,669.84,4223.66,289657.75,1285705.97,23286.2,73523.2,718312.1,273929.4,177815.2,18,20,,21.54,1.39,2.77,30.46,2.93,16462,6226,1764,1449,2012,2278,158,107.55,5.6,6,6.15,6.4,6.55,,1.41,23224.81,84928,8258,-3421,3664,4594,11.9,-2.4,26.8,11679,16.6,,32262,33641,22786,11.97,19.69,10.77,16867,3,2249,13,90.7,97.2,100.4,95.4,127.1,132.6,117.6,112.4,31.4,49.8,49.8,,116.5,100.8,50.2,53.8,42,22.3,31.4,87.5,18426.6,13,12377.2,10.56,169.3,21230,19277,1953,14338,12521,1817,57798,40196,17602,63607,38367,25240
2012-12-31,8.1,137370.4,8.5,65333.9,8.7,56344.8,5,15691.7,9.1,8.2,9.7,7,11.6,5.1,10.8,7,6.9,50,45,5,3.5,40.59,8.4,3.5,7.5,5.6,11.8,17.1,1.5,51.8,50.4,-2.2,10.3,,915914.8,55577.7,32405.14,22150.92,10975.6,10567.12,423769.6,260558.5,163211.1,21959.6,15045.4,6914.2,2.5,4.2,1.7,-1.94,-0.06,100.32,3672.34,1991.12,1681.22,10.35,14.02,6.3,88.28,6201978.1,60119601,9.6,4972642.6,50675097.2,9.5,4829,2016,2813,-797,7.6,0.3,13.5,116.95,364854.1459,71803.7869,222399.8055,20.6,16.2,24.3,20334.2,17511.4,2822.8,54659.77,7.7,308664.23,6.5,974148.8,13.8,629909.64,15,4546,6836,26.9,917554.77,13.3,4065,47.8,2005,241416.9,236669.93,669.84,4077.13,294537.19,1336862.79,24582.4,73848.1,732708.7,289933.6,195781.9,18,20,,19.85,1.28,2.75,33.1,2.61,16282,4546,1486,2079,2598,2126,135,110.04,5.6,6,6.15,6.4,6.55,,1.09,31722.87,85637,8306.7,-12509.68,2532,5775,29.17,62.96,18.41,20816.38,4.22,1266,46769,48357,33784,11.9,17.3,11.2,16336,3,2290,11.8,90.7,98.3,100.7,95.9,129.2,133.6,119.3,109.7,31.6,50.6,51.2,,120.4,103.7,51.8,56.3,55.1,27.4,31.6,90.8,24564.7,12.6,16674.32,9.98,238.8,16131,14857,1274,10954,9762,1192,60935,45724,15211,37869,23541,14328
2013-03-31,7.9,115342.5,7.8,52974.6,8.4,57048.7,3,5319.2,9.8,7.6,9.9,6.4,10.9,3.2,10.1,7,3.4,45.8,52.4,1.8,7.5,39,5.9,3.7,10.5,2.3,12.7,17.7,0.8,55.5,30.3,14.2,8.9,,222363.6,11740.08,7838.76,5385.37,2764.93,2589.28,103032.6,64509.1,38523.5,5137.3,4048.7,1088.6,2.0696,2.6775,1.7697,-1.92,-0.03,100.17,3651.1002,1821.02,1830.08,12.01,9.98,14.1,-117.49,6415191.1,16333109.3,28.4,5655037.9,13641474.4,27,,,,,,,,124.21,58092.2759,13132.5735,25814.4715,20.9,20.2,22.4,17641.2,15238.1,2403.1,55460.52,12.4,310898.29,11.9,1035858.37,15.7,657591.82,14.9,10625,7543,34.8,979300.53,15.6,4416,29.2,434,254127.19,246103.34,669.84,7354.02,298940.43,1413895.66,24927,80225,771646,306370,210610,18,20,,21,1.37,2.57,29.18,2.47,25503,10625,1509,1748,4312,3870,208,113.77,5.6,6,6.15,6.4,6.55,,1.37,38732.46,166750,9608,-1324,3828,5780,6.1,-5.2,15.1,10932,7.2,342,12133,12608,8623,11.7,15.7,11.9,16645,1.7,2436,12.1,90.7,97.8,99.99,96.4,130,133.7,118.3,120.7,35.6,50.9,52.3,,122.4,102.6,54.6,55.8,72.2,40.2,35.6,95.2,7427.3,9.3,4634.7,7.28,69,22814,20790,2024,16885,14963,1922,69547,52620,16927,44559,26647,17912
2013-06-30,7.6,127743.9,7.6,61737.1,8.3,57426.2,2.6,8580.5,7.5,7.3,9.7,6.3,9.8,2.8,10.5,7.8,3.7,47.1,50.7,2.2,6.6,38.7,7.5,3.7,9.5,2.6,12.7,17.9,0.8,45.2,53.9,0.9,8.9,,478365.4,25836.6,16348.1,11488.5,5582.9,5352.7,219504.9,135028.6,84476.3,11129.6,8057.1,3072.5,2.6684,4.9261,1.5942,-2.7,-0.55,99.89,3212.0294,1742.35,1469.68,-2.08,-3.11,-0.82,-13.85,4904710.9,32121241.4,18.2,4125017.1,27154382,21.2,,,,,,,,143.89,181317.6,36827.9353,73550.2097,20.1,20.3,23.1,18826.68,16244.6,2582.08,54063.91,9.9,313499.82,9.1,1054403.69,14,680837.17,14.2,8628,7758,33.2,1009122.27,14.3,4415,9,1121,257853.95,249868.78,669.84,7315.33,306741.1,1447014.81,23130,79465,783339,318622,221722,18,20,,21.19,1.38,2.59,29.44,6.58,10375,8628,133,1990,1208,323,126,115.91,5.6,6,6.15,6.4,6.55,,0.97,28542.84,191750,12376.97,-726.72,5177,7200,12.1,9.9,13.7,13103.69,3,725,23586,24572,17191,10.7,15.9,10.9,17111,2.7,2477,12.6,88,97.7,99.9,95.9,126,129.5,112.5,116.3,33.2,50.1,50.4,,117,97,50.7,53.8,64.1,35.1,33.2,93.1,13649.1,9.1,8784.3,7.21,134.3,15655,14328,1327,10282,9072,1210,56322,39648,16674,26308,14610,11698
2013-09-30,7.9,133751.6,8.3,62842.2,8.5,57815.3,3.9,13094.1,7.1,8.1,10,6.9,11.1,4,10.5,7.7,4.1,47.9,49,3.2,6,38.8,8.1,3.8,9.2,3.6,12.4,17.2,0.8,45.9,55.8,-1.7,10.2,,736937.91,40452.81,25205.1,17777,8612.3,8219.3,337057.8,207689,129368.8,17667.3,12838.3,4829,3.0519,6.0988,1.5891,-1.34,0.23,100.1,3558.7313,1853.13,1705.6,3.22,-0.43,7.51,-46.28,5385544.3,48048946.5,13.3,4955639.7,41724314,14.1,,,,,,,,88.4,309207.5739,61119.5474,135931.94,20.2,19.7,17.7,20653.34,17606.4,3046.94,56492.53,5.7,312330.34,8.9,1077379.16,14.2,702832.25,14.3,7870,7657,22.9,1030891.62,14.6,4487,8.4,1612,261561.48,253548.68,669.84,7342.96,311191.2,1473811.82,24067,80771,793545,322275,231276,18,20,,20.67,1.36,2.63,30.21,3.47,14120,7870,891,2218,1130,1443,113,117.3,5.6,6,6.15,6.4,6.55,,1.48,46944.69,145132,9361.73,-3494.49,4232,5130,13.4,15.5,11.7,12856.22,10.08,1066,35733,37409,26340,10.8,15.6,11.2,17392,3.1,2542,13,90.7,98.5,99.6,96.3,126,131.5,114.2,119.8,32.5,51.1,52.8,,119.5,99.8,49.9,52.8,61,31.3,32.5,93.3,20169,9.5,13319,7.61,204,17598,16040,1558,12501,11052,1449,45870,33894,11976,32657,19874,12783
2013-12-31,7.7,147965.2,8.1,70657.5,8.1,60885.9,4.7,16421.7,4.8,7.9,9.3,6.8,10.5,4.8,10.9,7.3,4.3,48.5,47.2,4.2,5.4,37.9,8.6,3.8,8.9,4.8,12.5,16.6,0.9,50,54.4,-4.4,9.7,,1029149.76,62831.02,36665.9,25339.61,11802.8,11358.63,464749.2,284407.1,180342.1,24050.5,16652.8,7397.7,2.4987,4.0532,1.74,-1.36,0.01,100.87,3895.0616,2073.67,1821.39,6.06,4.15,8.34,-18.59,6107125.8,66032960.3,9.8,5060632.5,55819288.4,10.1,5376,2070,3306,-1236,11.3,2.7,17.5,120.8,435747.4256,86013.3826,269780.2835,19.6,19.8,22.5,23059.7,19825.1,3234.6,58574.44,7.1,337291.05,9.3,1106524.98,13.6,718961.46,14.1,4824,7769,13.7,1043846.86,13.8,4386,7.9,2268,272233.53,264270.04,669.84,7293.66,317278.55,1524751.55,25805,80752,813596,331205,249379,18,20,,19.17,1.27,2.68,32.9,4.16,12532,4824,509,2727,1111,287,369,118.52,5.6,6,6.15,6.4,6.55,,1.7,39672.04,166898,9492.6,-15554.19,3091,6402,14.28,22.08,10.86,25046.79,20.32,1310,51474,52635,38904,10.1,15.2,8.8,16610,1.7,2609,13.9,90.7,98.2,99.3,95.9,124.5,129.8,112,114.3,34.7,51,52,,117.1,102.3,50.3,54.1,71.3,38.6,34.7,95.7,26955,9.7,18487.54,8.09,278,13434,12276,1158,9937,8849,1088,48803,39535,9268,30083,17156,12927
2014-03-31,7.4,123850.1,7.6,56974.6,7.6,61385.4,3.2,5490.2,2.6,7.3,9.4,6,8.6,3.4,10.2,8.1,5.6,47,51,2,2.3,38.5,6,3.7,9.4,2.5,13.9,22.3,1.4,,,,8.8,,239553.9,12942.4,8499.8,5931.1,3219.1,2831,110018.3,68244.9,41773.4,5337,4321.5,1015.5,2.3848,4.0724,1.545,-2.3019,-0.3,101.1,3320.186,1700.0162,1620.1697,-9.06,-6.64,-11.47,981.3079,5063619.8951,14078481.201,-13.8,4348501.923,12055589.0696,-11.8,,,,,,,,122.39,68321.7145,15339.2433,29346.41,17.6,16.8,13.7,19800.55,17087.1,2713.45,58329.3,5.2,327683.74,5.4,1160687.38,12.1,749089.78,13.9,10497,8464,12.2,1091022.27,11.4,5074,14.9,251,280177.69,272149.14,669.84,7358.72,326647.21,1603891.18,27070,87074,850008,351664,264821,18,20,,20.8,1.4,2.58,27.81,2.4903,20934,10497,1363,2413,1071,2464,352,117.13,5.6,6,6.15,6.4,6.55,20.07,1.36,42351.64,237237,10103.21,-3262.56,3774,6329,5.1569,-1.4,9.5,13365.77,22.2644,344,13383,13780,10092,10.3,17,9.3,16933,1.7,2681,10.1,84,96.7,99.8,95.4,,,,,33.4,50.3,50.6,57.5,,107.9,50.7,53,67.6,36.4,33.4,95.9,8155,9.8,5094,9.91,75,21051,19296,1755,15958,14319,1639,60823,49831,10992,32263,17404,14859
2014-06-30,7.5,137305,7.8,66579.7,7.6,61803.9,4,8921.4,2.4,7.5,9.5,6.8,7.7,4.1,9.9,8.5,6,48.9,48.2,2.8,2.1,38.6,7.6,3.9,8.3,3.4,13.2,21.5,1.4,54.4,48.5,-2.9,9.2,,514497.8,28649.8,17613.1,12637.1,6511.4,5908.8,233065.3,142463.1,90602.1,12211.1,8942.1,3269,2.3361,3.6831,1.6742,-1.1092,-0.2138,100.6,3416.1879,1867.5648,1548.6231,6.36,7.19,5.37,16.97,5067225.5864,29647950.315,-7.7,4381036.872,25516477.475,-6.1,,,,,,,,144.2,212770.4486,42018.6179,89381.3,17.3,14.1,21.5,21166.45,18238.7,2927.749576,56951.05,5.3,341487.45,8.9,1209587.2,14.7,776336.66,14,10793,8526,9.9,1136074.65,12.6,5936,34.5,618,280169.49,272131.01,669.84,7368.65,329698.6,1673677.19,27181,88285,881399,374390,277747,18,20,,20.66,1.37,2.62,28.12,2.851,19673,10793,357,2616,1200,2626,154,113.88,5.6,6,6.15,6.4,6.55,20.16,1.45,32412.76,157519,13461.1,-3060.88,5477,7984,8.7588,5.8,10.9,16521.98,26.0865,737,25983,26918,19632,10.2,14.2,9.5,17418,1.8,2733,10.3,88,97.3,99.8,96.5,,,,,32.8,51,52.8,53.4,,104.7,48.3,51.6,53.7,27.3,32.8,94.1,14959,9.6,9592,9.19,145.5,16889,15557,1332,11687,10441,1246,,,,,,
2014-09-30,7.1,143294.9,7.3,67418,7.5,62178.9,4.6,13698,1.3,6.9,9,6.2,9.1,4.7,9.6,8.6,5.7,48.6,47.4,4,1.8,37.4,8.2,3.9,8.4,4.7,13,21.2,1.4,48.5,41.3,10.2,8,,790987.5,43652.2,27162.1,19588.4,9790.4,9020.7286,351496.6,214863.8,136632.9,18504.8,13651,4853.8,1.6275,2.3228,1.2789,-1.7996,-0.4,100.41,3959.1001,2135.6166,1823.4835,11.25,15.24,6.91,111.57,5698594.2939,46358687.384,-3.5,5292818.5917,40226923.179,-3.6,,,,,,,,90.1,357787.1843,68751.214,165761.37,16.1,12.5,22.3,23042.43,19614,3428.433838,58844.99,4.2,327220.21,4.8,1202051.41,12.9,795786.02,13.2,8572,8383,9.5,1126570.37,9.3,6053,34.9,886,280121.2,272017.91,669.84,7433.45,336261.61,1682921.55,27236,87889,884922,372863,283418,18,20,,19.78,1.35,2.68,28.87,2.9697,11355,8572,-506,1610,-326,2338,612,119.23,5.6,6,6.15,6.4,6.55,20.27,1.64,76699.48,342890,9953.01,-4072.52,4482,5471,6.3159,5.9,6.6,14025.53,9.0953,1082,39361,40779,29758,10.2,13,9,17561,1,2797,10,76,96.3,99.9,95,,,,,32.2,51.1,52.2,52.8,,105.4,49.2,52.5,59.1,29.2,32.2,93.1,22044,9.3,14424,8.3,218.7,21503,20061,1442,14723,13379,1344,64367,51735,12632,35718,19644,16074
2014-12-31,7.2,158668.8,7,75591.8,8.4,66012.6,3.9,17064.4,1.9,6.6,8.7,6.9,14.4,4.1,9.3,8.8,5.8,47.9,47.5,4.6,1.7,35.3,8.6,3.9,9.5,5.4,12.7,20.8,1.4,51.2,48.6,0.2,7.9,,1094646.5,64715.3,38823,27476.8,13129.7,12313.3271,480636.4,293790.3,186846.1,24765.4,17280.2,7485.2,1.5056,2.8564,0.8313,-3.3152,-0.6297,99.9,4049.4313,2274.2963,1775.1351,3.96,9.67,-2.54,97.86,6902123.7219,66053392.093,0.1,5550252.7444,55141108.307,-1.2,6520,2191,4329,-2137,21.3,5.9,30.9,133.2,501264.9,95035.6144,336551.08,15.7,10.5,25.4,25801.31,22166.1,3635.214911,60259.53,2.9,348056.41,3.2,1228374.81,12.2,816770.01,13.6,6973,8351,7.5,1138644.64,9.1,5735,30.8,1228,278622.85,270681.33,669.84,7271.68,338248.79,1722029.88,28143,86677,885880,389341,301841,18,20,,17.59,1.23,2.7,31.62,3.4855,16945,6973,540,4551,2102,761,658,125.31,5.6,5.6,6,6,6.15,20.01,1.71,181362.61,724152,10755.12,-14599.01,3427,7328,13.3,10.8703,14.4642,25354.13,1.23,1322,56360,57296,42742,9.5,9.9,8.8,16821,1.3,2864,9.8,73.3,95.3,98.8,92.93,,,,,31.1,50.1,50.4,53.3,,105.8,49.2,53.4,52.5,26.3,31.1,92.8,28844,9,19968.08,10.79,292.5,22268,20715,1553,15571,14135,1436,79853,63557,16296,37519,20974,16545
2015-03-31,7,132491.5,6.4,60645.8,7.8,66184.5,3.1,5661.2,0.7,6.1,8.7,4.8,15.3,3.3,6.1,8.3,5.7,42.5,55.5,2,0.9,32.3,5.8,3.4,18.6,2.4,8.9,26.2,1.5,64.1,16.7,19.2,5.6,,242073.4,12543.2,8996.7,6355.8,3179.8,2910.2,103155.5,63191.3,39964.2,4997.3,3909.5,1087.8,1.3758,2.333,0.8876,-4.5603,-0.0718,99.13,2859.5383,1442.3493,1417.189,-13.87,-15.16,-12.53,-68.49,4826284.7443,14290698.953,1.5,4373327.5383,12066007.324,0.4,,,,,,,,124,77511.2536,16650.6352,32090.27,13.5,8.5,9.3,22722.8149,19573.76171,3149.053224,61949.81,6.2,337210.52,2.9,1275332.78,11.6,859069.21,14,11800,9146,4,1248866.33,10.1,6940,27.6,22,276072.56,268160.81,669.84,7241.92,342225.55,1789988.1,26566,90267,922334,404342,318387,17.5,19.5,,17.76,1.29,2.53,26.67,3.695,12433,9920,-4,1111,-77,1344,639,130.33,5.35,5.35,5.75,5.75,5.9,19.59,1.45,208514.39,240182,10690.62,-3259.49,3895,6796,5.8141,3.2,7.4,13950.11,4.3719,324,,,,,,,16331,-3.6,3000,11.9,68,94.93,98.54,93.36,,,,,29.2,50.1,50.2,60,,107.1,50.8,51.4,47.5,23.6,29.2,92.3,8572,8.3,5534,8.64,76.6,32131,29841,2290,23222,21068,2154,63385,51812,11573,40727,22179,18548
2015-06-30,7,146898.4,6.2,70686.5,8.4,66964.7,3.7,9247.1,4.2,6.2,5.9,3.5,18.8,3.8,5.8,7.7,5.8,42.7,54.6,2.7,2.5,32.2,5.8,2.9,19.1,3.3,8.4,24.4,1.4,60,35.7,4.3,6.8,,518202.3,28441.8,18737.3,13322,6449.7,5962.5083,217689.8,132120,85569.8,12332.9,8724.3,3608.6,1.3909,1.8544,1.1586,-4.8135,-0.4291,98.79,3338.912,1895.4467,1443.4652,-2.26,1.49,-6.79,41.71,5348109.6013,29860687.278,0.7,4678026.7076,25358334.315,-0.3,,,,,,,,145.8,237131.8661,43954.9507,100076.4,11.4,4.6,12,24280.2709,20885.96334,3394.307538,58604.26,2.9,356082.86,4.3,1333375.36,11.8,887946.89,13.4,12806,9211,0.7,1318291.89,10.7,6815,8.8,162,276555.22,267149.38,2094.73,7311.11,337075.83,1880298.08,26900,90128,956256,433738,342819,16.5,18.5,,17.26,1.23,2.51,27.21,1.4438,18384,13240,560,1414,536,2132,1051,128.67,4.85,4.85,5.25,5.25,5.4,19.32,1.45,366612.84,355420,15335.24,-3478.78,6454,8881,13.9231,17.9,11.2,18814.02,13.8727,718,,,,,,,17436,0.1,3002,9.8,64.7,94.5517,98.864,92.34,,,,,29.3,50.2,50.1,53.2,,105.5,48.5,51.5,43.4,21.3,29.3,91.9,15698.95,8.1,10401.01,8.43,151.6,27647,25715,1932,20015,18192,1823,72396,55671,16725,40739,21920,18819
2015-09-30,6.9,153127.4,6,71430.2,8.4,67431.2,4.2,14266.1,4.5,5.9,5.9,4.1,16,4.3,6.1,8.7,6.6,42,54.2,3.8,3,31.3,6,2.9,18,4.4,8.3,24.5,1.5,58.4,43.4,-1.8,5.7,,797088.6,43032.4,28834.3,20579.6,10036.9,9002.0838,330571.7,199497.6,131074.1,17428.5,12459.4,4969.1,1.5956,2.7236,1.0242,-5.945,-0.4015,97.7,3502.3964,2049.2259,1453.1705,-11.54,-4.05,-20.31,90.96,5945538.2608,46234654.671,-0.3,4931397.5539,39557950.358,-1.5,,,,,,,,95.6,394531.0378,70535.0705,193748.06,10.3,2.6,16.9,25270.6,21467.8,3802.8,61022.97,3.7,364416.9,11.4,1359824.06,13.1,921337.19,15.4,10500,8843,-1.6,1337338.03,12.6,6522,2.4,76,262214.21,258244.37,2207.71,1762.13,326038.88,1933532.71,26574,90266,978518,446286,359267,16,18,,16.68,1.2,2.53,27.88,2.0481,13571,10417,-2344,2422,-159,3805,349,130.02,4.6,4.6,5,5,5.15,18.95,1.45,116118.19,96353,10891.86,-6906.85,4844,6048,9.4328,8.1,10.6,17798.71,26.9022,1066,,,,,,,17554,0,3052,9.1,67.3,93.7812,98.28,92.7095,,,,,24.5,49.8,50.2,55.1,,105.6,47.3,50.1,40.6,19.4,24.5,91.9,23512.12,8.4,15635.76,7,230.3,28811,26783,2028,21242,19332,1910,51977,40001,11976,27684,15310,12374
2015-12-31,6.8,169488.4,6.3,80323.7,8.2,71403.9,4.1,17760.8,3.3,6,7.4,3.9,14.2,4.2,6.4,8.1,6.6,42.5,53,4.5,2.8,35.4,7,2.7,15.2,5.3,8.5,22.3,1.6,66.4,,,5.9,,1103300.7,63554,41135.4,28740,13371.2,12082.1,454704.1,271694,183010.1,23027.5,16148.9,6878.6,1.6,2.7,1.1,-5.9,-0.6,97.1,3866.4164,2231.3611,1635.0553,-4.52,-1.89,-7.89,19.46,6841320.63,65521165,-0.8,5677135.672,54805799.44,-0.6,6542,2186,4355,-2169,0.3,-0.2,0.6,122.3,551590.0383,95978.8458,386207.99,10,1,15.9,28634.6,24565.9,4068.8,63216.58,4.9,400953.44,15.2,1392278.11,13.3,939540.16,14.3,5978,8303,-5.8,1357021.61,12.4,6272,3.2,-20,253830.67,248537.59,2329.54,2963.55,317836.97,1991556.48,27684,85946,988393,463749,386624,15.5,17.5,,14.98,1.1,2.54,30.59,1.9728,18114,8323,-1308,3530,370,3535,1518,130.2,4.35,4.35,4.75,4.75,4.9,18.62,1.45,182388.19,48730,12282.05,-13262.57,4223,8059,14.1972,23.2273,9.9754,25544.62,0.7513,1312,62029,65296,46607,10.1,9,14,16884,0.4,3072,7.2,67.3,98.8034,99.7826,99.2699,,,,,22.7,49.7,50.2,55.4,,103.7,45.3,49.1,37.9,17.7,22.7,91.8,31194.83,8.2,21392.3629,7.13,312.7,41324,38424,2900,30736,27999,2737,102403,82486,19917,52215,28603,23612
2016-03-31,6.7,160837.9,6,63254.1,7.5,89999.4,2.9,7584.5,9.1,5.7,8.4,3.4,7,3.1,6.2,7.2,7.5,35.6,62.3,2.1,8.4,30.3,6,2.3,10,2.4,9.4,17.3,2.1,75,36.5,-11.5,6.8,,246659.6,13421.5,9566,6712.7,3088.6,2704.1,99492.5,61410.5,38082,4323,3398.8,924.2,2.301391,7.6,1,-4.3,0.5,97.32,2852.8594,1550.9818,1301.8777,-0.23,7.53,-8.14,890.06,4924969.3,13124125.9,-7.8,4329283.9,10998511.4,-8.2,,,,,,,,129,85842.8332,17676.6202,30316.99,10.7,6.2,-5.5,25114.1,21616.1,3498,64651.21,4.4,411581.31,22.1,1446198.03,13.4,985613.17,14.7,13700,8088,-11.6,1411182.76,13,6660,-4,-23,246545.3,238365.77,2416.61,5762.92,326216.46,2075959.53,26191,87853,1028334,483984,413439,15,17,,15.93,1.19,2.35,25.3,2.0888,23931,13176,6,1660,732,7081,562,128.69,4.35,4.35,4.75,4.75,4.9,18.67,1.45,133981.1605,24036,11511.2,-5276.84,3901,7610,7.6757,-0.2,11.3,16788.04,20.3434,318,,,,,,,16799,2.9,3273,9.1,70.7,99,101.2,97,111,114.3,104.8,106,21.1,50.2,51.4,60.1,107.9,100,46.2,48.4,38.1,18.1,21.1,92.2,9254.71,7.97,5969.9685,7.89,86.229,48062,44531,3531,38561,35204,3357,82570,68033,14537,29409,15668,13741
2016-06-30,6.7,179089.5,6.4,75221.6,7.4,91647,3.1,12221,8.9,6,8,5.8,4.1,3.3,7,7.5,7.3,38.1,59.2,2.7,8.3,31.3,7.2,3.2,7.4,3,9.7,16.7,1.9,73.4,37,-10.4,6.2,,528412.3,29998.2,19766.2,14107.2,6193.2,5446.1,213875.8,129520,84355.8,11272.4,7983.7,3288.7,1.879503,4.6,1.2,-2.6,-0.2,99.2,3078.6691,1766.0458,1312.6234,-7.79,-6.83,-9.06,0.32,4914751.8,27277365.6,-7.9,4435596,23584765.8,-6,,,,,,,,152.3,258359.9564,46630.5204,96212.23,9,6.1,-3.9,26857.4,23082.1,3775.3,62818.89,7.2,443643.7,24.6,1490491.83,11.8,1014859.39,14.3,13800,7851,-14.8,1462397.28,10.9,6562,-3.7,-40,245223.59,236307.53,2487.73,6428.33,338142.16,2170246.7,27308,85640,1068087,510709,440228,15,17,,15.16,1.11,2.27,26.68,2.1384,16479,13141,-267,1721,809,2008,1158,123.32,4.35,4.35,4.75,4.75,4.9,17.9,1.45,114724.8632,27581,15634.07,-7002.8,7486,8148,1.9486,16,-8.6,22636.87,20.3192,717,,,,,,,17509,0.4,3202,6.7,68,99.1,100.7,95.9,113.3,115.4,104.9,106.4,24.4,50,50.5,54.7,108,102.9,45.3,48.8,43.7,21.5,24.1,92,16957,8.01,11185,7.54,168.3068,26830,25070,1760,20399,18741,1658,56445,45712,10733,30347,15251,15096
2016-09-30,6.7,187498.6,6.3,76515.9,7.6,93123.1,4,17859.6,8.9,6.1,6.7,6.7,4.4,4.1,7.5,7,7,38.2,57.9,3.8,8.1,31.3,7.2,3.6,6.7,4.1,10,16,1.9,71,36.8,-7.8,6.1,,818560.8,46380.6,30477.4,21701.9,9367.2,8220.5,327015.8,197874.6,129141.2,17206.8,11915.6,5291.2,1.920226,3.2,1.6,0.1,0.5,99.9,3264.4978,1834.3999,1430.0979,-6.79,-10.48,-1.59,-32.17,5393326.1,42514316.7,-7.8,4954214,37509158,-4.7,,,,,,,,92.1,426906.441,74597.5896,183288.7,8.2,5.8,-5.2,27976.4,23757.2,4219.2,65068.62,6.6,454340.25,24.7,1516360.5,11.5,1041137.89,13,12200,8045,-9,1485214.41,11.1,6652,2,-111,238943.29,229108.68,2530.43,7304.17,334950.43,2216738.13,27515,82481,1080633,523997,461870,15,17,-4201,14.58,1.08,2.24,28.03,2.2476,17115,12628,-487,1451,1057,2872,1368,121.61,4.35,4.35,4.75,4.75,4.9,16.73,1.45,82633,28375,11221.9,-8614.3,4917,6305,3.0302,6.2,3.8,19836.2,11.4472,1067,,,,,,,17649,0.5,3232,5.9,65.3,99.7,102.7,95.4,115.7,119.5,108.4,110.1,25.2,50.4,50.9,57,111.4,104.6,46.1,49.8,46.5,23,25.2,92.3,25336.59,7.76,16796.5981,7.42,257.9,27386,25635,1751,19486,17871,1615,57341,46277,11064,28963,15162,13801
2016-12-31,6.8,204764.2,6.3,84714.6,8.2,98046.2,2.9,22003.3,7.8,6.1,6.5,9.9,2.6,3.1,7.7,8.5,7.7,38.2,57.7,4.1,7.8,30.7,7.3,4.4,5.6,4.6,10.2,16,2,64.6,42.2,-6.8,6,,1151617.5,68803.2,43897.4,30648.6,12532.6,11280.5,458978,276783.6,182194.4,23157.8,15259.1,7898.7,2.076545,2.4,2,5.5,1.6,101.4,3785.6705,2090.9663,1694.7042,-2.09,-6.29,3.65,-33.55,6295551.3,60387329.3,-7.8,5478393.7,52378317.1,-4.3,6616,2095,4521,-2426,1.1,-4.2,3.8,122.1,596500.752,102580.6128,353530.54,8.1,6.9,-8.5,31756.8,27232.6,4524.2,68303.87,8.1,486557.24,21.4,1550066.67,11.3,1066040.06,13.5,10400,7858,-5.4,1505863.83,11,7119,13.5,-131,229795.77,219425.26,2541.5,7829.01,343711.59,2303755.7,31670,79750,1103610,550112,492633,15,17,,13.38,0.98,2.22,31.11,2.439,16260,9943,-389,4011,1643,-2048,828,123.13,4.35,4.35,4.75,4.75,4.9,16.18,1.45,98288.0069,37984,11301.75,-10700.61,4094,7208,-7.9816,-3.05,-10.56,22002.36,-13.867,1314,67569,72538,50527,8.9,8.4,11.1,16934,0.3,3275,6.6,70.7,101.5,104.8,97.2,118.2,121.2,110.9,112.4,27.8,51.4,53.2,58.9,113.6,108.4,51.9,54.9,53.7,26.9,27.8,92.5,33616,7.8,23079,7.88,346.8,33701,31542,2159,28229,26138,2091,75679,62842,12837,36958,21345,15613
2017-03-31,6.8,171852.5,6.2,67148.7,7.7,96888.7,3,7815.1,8.6,6.3,4.4,9.1,4.1,3.2,7.6,7.2,8,35.4,62.5,2.1,8.6,30.9,3,6,5.8,2.5,11.2,18,2.3,77.2,18.6,4.2,7.6,282783.6,277910.8,17043,10309.1,7360.3,3080.7,2720.1,116336.1,71536.9,44799.2,5873.1,4261.1,1612,0.9,-4.4,2.3,7.6,0.3,104.5,3357.89,1792.48,1565.41,17.7,15.57,20.24,-8.85,5131086.2,13818331.8,8,4409568.5,12027306.9,11.7,,,,,,,,131.1,93777.0557,19291.9181,42200.34,9.2,9.1,39.2,27863.7,23939.8,3923.9,68605.05,6.1,488770.09,18.8,1607938.98,10.1,1108256,12.4,10200,8368,3.5,1556487.07,10.3,7722,16,82,224290.37,216209.5,2541.5,5539.37,337353.68,2361022.48,35836,78308,1130653,554594,519373,15,17,-2900,14.77,1.07,2.03,26.76,2.6231,24001,11586.056281,287.855398,2038.914657,3112.505691,129.103065,800.08,120.78,4.35,4.35,4.75,4.75,4.9,15.86,1.45,115943.32,46643,12912.48,-8145,4892,8020,12.1732,11.1,12.8,21057.48,25.4314,334,,,,,,,17253,2.7,3483,6.4,76,103.1,105.1,98.7,125.4,130.4,121.3,122.6,31.3,51.8,53.3,60.8,123.7,111,52.6,52.9,64.9,33,31.3,92.8,9986,7.9,6387,6.9855,95.8,38796,36587,2209,27160,25129,2031,73715,62705,11010,31255,18180,13075
2017-06-30,6.8,191284.6,6.3,79927,7.7,98673.6,3.8,12683.9,7.2,6.5,4.6,10.1,3.3,3.9,7.4,7.6,7.7,37.1,60,3,7.8,31.7,3.9,6.4,4.9,3.5,10.7,17.4,2.1,63.4,32.7,3.9,7.6,605789.5,595081.4,36337.5,21454.6,15535.7,6409.2,5653.3,245802.9,148412.1,97390.8,14072.3,9352.1,4720.2,1.5,-1.2,2.2,5.5,-0.2,104.7,3482.92,1947.55,1535.37,13.13,10.28,16.97,-9.1,5450328.9,28921952.5,6.9,4909431.9,25448084.4,8.8,,,,,,,,148,280604.8292,50610.2227,120147.26,8.6,8.5,24.9,29807.6,25544.8,4262.8,66977.68,6.6,510228.17,15,1639497.045,9.1,1145720.82,12.9,15400,8327,6.1,1596635.61,9.2,7931,20.9,313,223007.56,215153.03,2541.5,5313.03,345025.62,2404204.36,38160,78008,1153881,558136,531980,15,17,-3300,14.48,1.04,2.05,27.6,2.9434,21131,14474.354311,72.569063,-32.4567,2480.756765,-169.031623,486.83,119.21,4.35,4.35,4.75,4.75,4.9,15.47,1.45,84758.68,67294,17082.37,-9933.54,7568,9514,8.9,10.7,7.4,27015.91,19.3447,735,,,,,,,17873,2.1,3405,6.3,73.3,103.1,104.8,98.8,127.2,130.8,120.6,122,34,51.7,53.1,58.4,123.1,113.3,51.3,52.9,67.8,35.2,34,92.7,18321.8789,8.1,11931.2787,6.7,185.6,34491,32709,1782,25419,23768,1651,81912,70891,11021,39818,22312,17506
2017-09-30,6.7,200133.4,5.8,80932.2,8.1,100642.7,3.9,18558.5,4.8,6.2,3.4,9.5,6.1,4,7.4,7.4,7.8,36.3,59.8,3.9,6.6,31.2,3.8,6.4,5.7,4.2,10.5,17,2.1,64.5,32.8,2.7,6.6,921038.2,904542.7,55846,32946.7,23680.9,9787.9,8588.7,376443.6,225091.7,151351.9,21788.5,14073.8,7714.7,1.6,-1.4,2.4,6.9,1,106.5,3685.11,1979.44,1705.67,12.88,7.91,19.27,-32.29,6140073.5,46110716.6,8.9,5751623.3,41566918.5,11,,,,,,,,105.9,458478.1785,80644.4463,213680.54,7.5,8.1,16.6,30870.3,26164.1,4706.2,69748.54,7.2,517863.04,14,1663666.054,9,1177617.35,13.1,12700,8163,1.5,1622757.71,9.3,7745,16.4,409,222589.3622,215106.848,2541.4988,4941.0154,349996.5603,2441757.45,40230,75680,1167769,562146,548687,15,17,,13.94,1.02,2.07,28.63,2.9168,22451,11884.843722,-232.319463,774.770178,2367.739487,1653.93005,518.98,121.7,4.35,4.35,4.75,4.75,4.9,15.62,,115101.01,26317,12713.96,-7532.44,5866,6848,9.2,10.6,8.1,20246.4,2.0681,1097,,,,,,,17969,1.8,3459,7,73.3,102.9,104.7,97.8,128,133.2,120.1,121.8,35.9,52.4,54.8,54.5,123.6,118.6,52.8,53.3,75.3,39,35.9,92.9,27430.4061,8.3,17845.9835,6.2,279.1335,33367,31471,1896,24524,22754,1770,81012,69562,11450,40027,22467,17560
2017-12-31,6.7,218393.3,5.5,89335.6,8.2,106083.1,4.4,22974.6,5.9,6.1,2.5,8.8,4.1,4.5,7.2,7.4,7.7,35.7,59.6,4.8,6.3,31.9,3.5,6.2,5.4,5.1,10,16.4,2.1,58.8,32.1,9.1,6.2,1188446,1164623.8,75187.1,45771.4,31801.2,12970.9,11422.2,522014.9,308178.6,213836.3,28985.9,17757.2,11228.7,1.8,-0.4,2.4,4.9,0.8,107.4,4091.95,2315.23,1776.72,8.09,10.73,4.84,35.89,7487758.1,66744366.5,10.6,5874836.7,58403358.9,11.5,6957,2281,4676,-2395,5,8.9,3.4,111.3,631683.9637,109798.5288,382267.74,7.2,7,9,34734.1,29753.5,4980.6,70645.6,3.4,543790.15,11.8,1690235.315,8.1,1201320.99,12.7,5844,8379,6.6,1641044.22,9,7910,11.1,504,221164.1239,214788.3328,2541.4988,3834.2923,362931.6171,2497223.76,42483,73017,1182180,575429,568359,15,17,,12.56,0.92,2.1,31.58,2.9138,15865,5769.490608,169.142563,601.491018,2245.172527,343.113796,791.96,122.12,4.35,4.35,4.75,4.75,4.9,15.27,1.45,80238.28,21688,10819.14,-12950.43,3729,7090,-4.2702,,,23769.57,8.0319,1351,74318,81114,55243,10,9.3,11.8,17185,1.5,3485,6.4,70.7,102.9,104.5,97.5,127.7,132.5,120.2,121.7,38.6,51.6,53.4,52.6,123.9,122.6,53.6,54.9,79.1,41.2,38.6,93.1,36396.1942,8.3,24444.9538,5.9,369.3178,41931,39152,2779,35038,32360,2678,134629,111854,22775,56706,30901,25805
2018-03-31,6.8,183613,6.3,71399.4,7.5,104148.4,3.2,8065.1,4.9,6.5,5.4,7.7,3.1,3.4,6.8,6.1,7.1,36.1,61.7,2.1,5,32.8,3.7,5.1,4.3,2.4,9.9,15.4,2,77.8,31.3,-9.1,6,256958,251523.1,15533.2,10284,7306.1,3230.3,2831.8,129529.7,77018.6,52511.1,7110.4,4929.1,2181.3,2.1,2.1,2.1,3.1,-0.2,106.24,3535.95,1739,1796.94,5.3,-2.98,14.79,-125.52,5972252,16610411.1,20.5,5540071.5,15031940.8,24.7,,,,,,,,134.5,100763,21291.2911,,7.5,10.4,,29193.6,25050.3,4143.4,72692.63,6,523540.07,7.1,1739859.48,8.2,1249814.08,12.8,11200,8704,4,1691816.02,8.7,8368,8.4,-111,220277.91,214952.04,2541.5,2784.37,359608.4,2532235.32,42800,72997,1205369,586890,574355,15,17,,14,1.05,2.08,27.34,2.7445,15848.3438,11424.5684,139.379052,-1850.0267,-356.89882,3535.93662,404.22,124.32,4.35,4.35,4.75,4.75,4.9,15.29,1.45,103299.39,21380,13993,-7942.15,5822,8171,8.368,19.0106,1.8828,21935.15,4.168,330,,,,,,,17441,1.1,3736,7.3,,102.7,104.2,97.7,129.5,136.3,124.1,125.4,38.9,51.5,53.3,59.8,128,122.3,55.4,54.2,81.9,43.2,38.9,93.2,10781,8,6749,5.7,97.3924,34526,32422,2104,28227,26205,2022,112959,96864,16095,40894,25632,15262
2018-06-30,6.7,204077.2,6,84708.4,7.7,106258.5,3.4,13110.3,4.2,6.4,4,8.1,4.3,3.6,6.6,5.7,6.8,36.8,60.5,2.8,4.7,32.9,4,5.5,4.8,3,9.6,14.3,1.8,78.5,31.4,-9.9,6,532851.9,520710.4,33882.1,21224.7,15028.3,6170.6,5799.3,277588.6,161307.7,116280.9,17176.3,11134.1,6042.2,1.9,0.3,2.2,4.7,0.3,105.2,3902.87,2155.96,1746.91,12.06,10.7,13.78,-0.76,6075798.5,34341391.8,18.3,5373316.6,31322371.1,22,,,,,,,,156.6,297316,55530.962,,6,9.7,,30841.6,26374.9,4466.6,69589.333435,3.9,543944.712308,6.6,1770178.372781,8,1291534.16,12.7,18400,8549,2.7,1731176.11,8.4,7892,-0.5,22,220183.3257,215193.7818,2541.4988,2448.0451,362702.4393,2569703.82,42972,71168,1217907,601359,583547,13.5,15.5,,13.7,1.03,2.12,27.42,2.7316,14877.3235,16787.3419,-363.91571,-1642.1166,-1623.3735,1349.36914,257.95,124.52,4.35,4.35,4.75,4.75,4.9,15.33,1.45,69820.43,18643,17680.22,-11216.67,8011,9669,3.4998,5.8,1.6,28896.89,6.9625,752,,,,,,,18022,0.8,3661,7.5,,101.5,104.3,97.9,128.6,133.2,121.4,123,40.1,51.5,53.2,53.8,125.8,118.2,53.2,53.5,81.2,42.2,40.1,93.1,19770,7.9,12745,6.8,193.0527,40211,37718,2493,32150,29755,2395,132945,117225,15720,54294,32230,22064
2018-09-30,6.5,213043.8,5.3,85241.9,7.9,108573.3,3.6,19228.7,4.1,5.9,2.5,8,4,3.8,6.2,7,6.3,35.6,60.8,3.6,4.5,32.5,3.5,5.6,4.8,3.7,9.3,15.1,1.8,78,31.8,-9.8,5.8,790324.6,771478.8,49713.4,32347.1,22595.8,9023.3,8747.1,421125,246466.1,174658.9,25773.6,16801,8972.6,2.5,3.6,2.2,3.6,0.6,105.4,4205.24,2253.94,1951.3,14.11,13.87,14.4,10.55,7115610.6,53355458.7,15.5,6781306.3,50138910.2,20.6,,,,,,,,114.6,483442,88665.0355,,5.4,9.9,,32005.4,27069,4936.4,71254.26,2.2,538574.08,4,1801665.58,8.3,1332662.88,13.2,13800,8189,0.3,1761267.23,8.5,7437,-4,-19,218810.5385,214084.1482,2541.4988,2184.8915,366229.7473,2620314.15,43840,69317,1250428,602178,597526,13.5,15.5,,13.15,1,2.15,28.02,2.5905,21691.02,14341,-669.987,-1432.32,-908.568,382.4841,272.03,120.53,4.35,4.35,4.75,4.75,4.9,15.66,1.45,49744.84,15000,12963.12,-9652.88,5919,7044,1.9597,0.9,2.9,22616,11.7038,1107,,,,,,,18135,0.9,3710,7.3,,100.4,102.9,99.2,126.6,131.6,119.6,121.1,37.2,50.8,52,53.9,123.6,118.5,53.6,52.7,69.5,35.5,37.2,93,29599,7.9,19014,6.5,289.9,36438,34423,2015,29113,27188,1925,124475,110599,13876,39347,24497,14850
2018-12-31,6.4,232264.9,5.8,94501.7,7.4,113974.2,3.5,23789.1,2,5.7,6.1,8.7,6.3,3.7,5.5,6.4,5.8,36.1,59.7,4.2,3.8,31.7,4.7,5.7,5.4,4.4,9,14.8,1.8,76.2,32.4,-8.6,5.7,1049490.5,1022241.1,66351.4,46125.1,30924.4,11904.9,11698.6,587500.7,338781.8,248718.9,33877.7,20399.1,13478.6,1.9,2.5,1.7,0.9,-1,104.7,3848.91,2208.45,1640.46,-5.94,-4.61,-7.67,5.48,6717565.5,74686605,11.9,5061550.1,67148049.9,14.9,,,,,,,,137.1,635636,120263.5146,,5.9,9.5,,35893.49834,30328.8673,5564.631036,73208.40338,3.6,551685.9075,1.5,1826744.216,8.1,1362966.65,13.5,10800,7948,-5.2,1775225.73,8.2,7275,-8,-190,217648.06,212556.68,2569.79,2521.59,372492.06,2667334.9,44177,64629,1255477,619068,621807,12.5,14.5,,11.73,0.9,2.18,30.84,2.568,15897.59,9281.464,-701.756,-2210.49,-508.638,3757.24,130.386,121.07,4.35,4.35,4.75,4.75,4.9,16.45,,53252.97,15810,11019.32,-18135.81,3280,7739,1.8502,-12.0408,9.1537,29155.13,22.6574,1361,82461,89474,60664,11,9.8,10.3,17266,0.5,3721,6.8,,98,101.6,99.3,127.6,129.3,117,118.7,35.4,49.4,49.7,51.5,121.3,123,53.5,54.4,68.5,34.4,35.4,93,39251,7.8,26112,6.8,380.1,29829,28234,1595,23960,22447,1513,124970,109455,15515,47852,28769,19083
2019-03-31,6.4,195422.2,6.1,75753.9,7,111388.7,2.7,8279.6,2.5,6.1,6.2,7.3,7,2.9,5.8,5.2,6,36.9,61.3,1.8,2.7,33,4.7,5.3,9.9,2.1,9,14.2,1.8,65.1,12.1,22.8,8.5,244193.5,,12972,8690.4,7281.2,3000.7,2757.9,139943.1,82338.7,57604.4,8197.7,5814.4,2383.3,2.3,4.1,1.8,0.4,0.1,103.6,3635.6,1979.3,1656.4,2.8,13.8,-7.8,657.300656,6078362.7,16283699.1,-2.2,5216265,14128348.2,-6.4,,,,,,,,141.1,101871,23802.9199,,6.3,11.8,,31725.7,27191.8,4533.9,74941.57617,3.1,547575.5423,4.6,1889412.137,8.6,1421057.41,13.7,16900,8410,-3.4,1838226.71,8.7,7689,-8.1,-273,218109.6647,212536.6452,2663.6138,2909.4057,348552.6294,2740389.103,,,,,,11.5,13.5,,13.24,1.02,2.17,26.69,2.416,28599.65786,19584.39553,2.515056,-1070.24862,528.251967,3423.757224,122.297916,124.37,4.35,4.35,4.75,4.75,4.9,15.63,,186267.23,69774,14552,-10763,5923,8629,3.9949,1.7348,5.6052,25315,15.4084,324,,,,,,,17651,1.2,3996,7,,97.2,101.4,98.6,131.9,134.3,125.1,126.1,34.1,50.5,51.6,59.4,127.9,124.1,54.8,54,70.1,36.4,34.1,93.1,11633,7.9,7160,6.1,104.8,43861,41874,1987,35411,33542,1869,126554,111538,15016,39084,24729,14355
2019-06-30,,,,,,,,,,,,,,,,,,,,,,,,,,,,,,,,,,,,,,,,,,,,,,,,,,,,,,,,,,,,,,,,,,,,,,,,,,,,,,,,,,,,,,,,,,,,,,,,,,,,,,,,,,,,,,,,,,,,,,,,,,,,,,,,,,,,,,,,,,,,,,,,,,,,,,,,,,,,,,,,,,,34.5,,,,,,53,52.6,,39.2,34.5,,,,,,,,,,,,,,,,,,
