,end_dates_mon
0,2013-12-31
1,2014-01-30
2,2014-02-28
3,2014-03-31
4,2014-04-30
5,2014-05-30
6,2014-06-30
7,2014-07-31
8,2014-08-29
9,2014-09-30
10,2014-10-31
11,2014-11-28
12,2014-12-31
13,2015-01-30
14,2015-02-27
15,2015-03-31
16,2015-04-30
17,2015-05-29
18,2015-06-30
19,2015-07-31
20,2015-08-31
21,2015-09-30
22,2015-10-30
23,2015-11-30
24,2015-12-31
25,2016-01-29
26,2016-02-29
27,2016-03-31
28,2016-04-29
29,2016-05-31
30,2016-06-30
31,2016-07-29
32,2016-08-31
33,2016-09-30
34,2016-10-31
35,2016-11-30
36,2016-12-30
37,2017-01-26
38,2017-02-28
39,2017-03-31
40,2017-04-28
41,2017-05-31
42,2017-06-30
43,2017-07-31
44,2017-08-31
45,2017-09-29
46,2017-10-31
47,2017-11-30
48,2017-12-29
49,2018-01-31
50,2018-02-28
51,2018-03-30
52,2018-04-27
53,2018-05-31
54,2018-06-29
55,2018-07-31
56,2018-08-31
57,2018-09-28
58,2018-10-31
59,2018-11-05
